date,equity
2020-07-27,100000.0
2020-07-28,99375.12
2020-07-29,100587.76
2020-07-30,100216.54
2020-07-31,101014.66
2020-08-03,101701.42
2020-08-04,102085.01
2020-08-05,102728.45
2020-08-06,103409.02
2020-08-07,103508.01
2020-08-10,103792.61
2020-08-11,102988.31
2020-08-12,104380.37
2020-08-13,104213.33
2020-08-14,104207.14
2020-08-17,104516.49
2020-08-18,104754.69
2020-08-19,104337.07
2020-08-20,104627.85
2020-08-21,105005.26
2020-08-24,106097.26
2020-08-25,106453.01
2020-08-26,107532.64
2020-08-27,107752.27
2020-08-28,108439.03
2020-08-31,108067.81
2020-09-01,109073.19
2020-09-02,110657.06
2020-09-03,106855.16
2020-09-04,105985.89
2020-09-08,103093.49
2020-09-09,105147.56
2020-09-10,103322.4
2020-09-11,103328.59
2020-09-14,104689.72
2020-09-15,105224.9
2020-09-16,104810.37
2020-09-17,103900.88
2020-09-18,102255.15
2020-09-21,101156.96
2020-09-22,102168.53
2020-09-23,99817.48
2020-09-24,100083.52
2020-09-25,101692.14
2020-09-28,103371.9
2020-09-29,102842.91
2020-09-30,103600.82
2020-10-01,104275.2
2020-10-02,103266.72
2020-10-05,105091.88
2020-10-06,103607.0
2020-10-07,105401.23
2020-10-08,106335.46
2020-10-09,107294.44
2020-10-12,109005.14
2020-10-13,108327.66
2020-10-14,107616.16
2020-10-15,107486.23
2020-10-16,107442.93
2020-10-19,105784.82
2020-10-20,106224.09
2020-10-21,106019.92
2020-10-22,106612.32
2020-10-23,106926.31
2020-10-26,105008.35
2020-10-27,104640.23
2020-10-28,101064.16
2020-10-29,102069.54
2020-10-30,101088.91
2020-11-02,102153.07
2020-11-03,103931.82
2020-11-04,106248.84
2020-11-05,108374.06
2020-11-06,108321.47
2020-11-09,109679.51
2020-11-10,109540.31
2020-11-11,110341.52
2020-11-12,109268.08
2020-11-13,110728.21
2020-11-16,112117.18
2020-11-17,111572.73
2020-11-18,110205.41
2020-11-19,110700.37
2020-11-20,109936.27
2020-11-23,110595.19
2020-11-24,112355.38
2020-11-25,112179.05
2020-11-27,112510.05
2020-11-30,112083.15
2020-12-01,113209.18
2020-12-02,113438.1
2020-12-03,113438.1
2020-12-04,114403.27
2020-12-07,114161.97
2020-12-08,114496.07
2020-12-09,113530.9
2020-12-10,113428.82
2020-12-11,113292.71
2020-12-14,112813.22
2020-12-15,114325.93
2020-12-16,114489.88
2020-12-17,115133.33
2020-12-18,114183.63
2020-12-21,113796.94
2020-12-22,113561.84
2020-12-23,113710.33
2020-12-24,114143.41
2020-12-28,115117.86
2020-12-29,114910.6
2020-12-30,115074.55
2020-12-31,115649.94
2021-01-04,114106.29
2021-01-05,114879.66
2021-01-06,115584.98
2021-01-07,117230.71
2021-01-08,117936.03
2021-01-11,117190.5
2021-01-12,117162.66
2021-01-13,117487.47
2021-01-14,117094.6
2021-01-15,116209.86
2021-01-19,117119.35
2021-01-20,118740.33
2021-01-21,118842.42
2021-01-22,118421.7
2021-01-25,118916.66
2021-01-26,118706.3
2021-01-27,115820.08
2021-01-28,116775.97
2021-01-29,114462.04
2021-02-01,116373.82
2021-02-02,117982.43
2021-02-03,118127.82
2021-02-04,119458.02
2021-02-05,119918.95
2021-02-08,120797.5
2021-02-09,120726.35
2021-02-10,120673.76
2021-02-11,120862.46
2021-02-12,121450.23
2021-02-16,121354.33
2021-02-17,121388.36
2021-02-18,120877.93
2021-02-19,120661.39
2021-02-22,119761.18
2021-02-23,119829.24
2021-02-24,121190.37
2021-02-25,118270.12
2021-02-26,117648.33
2021-03-01,120491.25
2021-03-02,119563.2
2021-03-03,117994.8
2021-03-04,116543.96
2021-03-05,118669.18
2021-03-08,118044.3
2021-03-09,119708.59
2021-03-10,120494.34
2021-03-11,121744.11
2021-03-12,121883.31
2021-03-15,122652.04
2021-03-16,122495.82
2021-03-17,122897.98
2021-03-18,121106.85
2021-03-19,120485.06
2021-03-22,121444.04
2021-03-23,120522.18
2021-03-24,119872.55
2021-03-25,120528.37
2021-03-26,122464.89
2021-03-29,122424.67
2021-03-30,122152.45
2021-03-31,122536.04
2021-04-01,123906.45
2021-04-05,125691.39
2021-04-06,125620.24
2021-04-07,125781.1
2021-04-08,126381.24
2021-04-09,127278.35
2021-04-12,127318.57
2021-04-13,127677.41
2021-04-14,127216.48
2021-04-15,128596.18
2021-04-16,129091.13
2021-04-19,128478.62
2021-04-20,127510.36
2021-04-21,128710.64
2021-04-22,127556.77
2021-04-23,128914.81
2021-04-26,129153.0
2021-04-27,129109.69
2021-04-28,129109.69
2021-04-29,129938.75
2021-04-30,129100.41
2021-05-03,129357.17
2021-05-04,128555.96
2021-05-05,128602.36
2021-05-06,129613.93
2021-05-07,130563.63
2021-05-10,129295.3
2021-05-11,128138.34
2021-05-12,125434.63
2021-05-13,126919.51
2021-05-14,128809.63
2021-05-17,128521.93
2021-05-18,127463.96
2021-05-19,127139.14
2021-05-20,128416.75
2021-05-21,128376.54
2021-05-24,129654.15
2021-05-25,129397.39
2021-05-26,129629.4
2021-05-27,129719.11
2021-05-28,129951.12
2021-06-01,129811.92
2021-06-02,130025.37
2021-06-03,129545.88
2021-06-04,130727.59
2021-06-07,130613.13
2021-06-08,130625.5
2021-06-09,130415.15
2021-06-10,131021.47
2021-06-11,131281.32
2021-06-14,131562.83
2021-06-15,131321.54
2021-06-16,130557.45
2021-06-17,130551.26
2021-06-18,128367.26
2021-06-21,130161.48
2021-06-22,130860.61
2021-06-23,130743.06
2021-06-24,131488.59
2021-06-25,131971.17
2021-06-28,132237.21
2021-06-29,132305.27
2021-06-30,132419.72
2021-07-01,133165.25
2021-07-02,134201.57
2021-07-06,133903.05
2021-07-07,134405.74
2021-07-08,133298.27
2021-07-09,134749.12
2021-07-12,135222.42
2021-07-13,134776.96
2021-07-14,134981.13
2021-07-15,134487.72
2021-07-16,133443.67
2021-07-19,131349.38
2021-07-20,133344.68
2021-07-21,134408.83
2021-07-22,134724.37
2021-07-23,136032.91
2021-07-26,136416.51
2021-07-27,135794.72
2021-07-28,135748.31
2021-07-29,136317.52
2021-07-30,135643.14
2021-08-02,135370.91
2021-08-03,136496.94
2021-08-04,135807.09
2021-08-05,136645.42
2021-08-06,136892.9
2021-08-09,136790.82
2021-08-10,136939.31
2021-08-11,137276.5
2021-08-12,137684.84
2021-08-13,137941.6
2021-08-16,138275.69
2021-08-17,137350.74
2021-08-18,135895.25
2021-08-19,136100.97
2021-08-20,137155.85
2021-08-23,138368.5
2021-08-24,138569.57
2021-08-25,138874.28
2021-08-26,138068.43
2021-08-27,139256.33
2021-08-30,139893.58
2021-08-31,139704.88
2021-09-01,139737.36
2021-09-02,140202.93
2021-09-03,140150.34
2021-09-07,139670.85
2021-09-08,139494.52
2021-09-09,138882.01
2021-09-10,137824.04
2021-09-13,138148.86
2021-09-14,137412.61
2021-09-15,138552.56
2021-09-16,138331.37
2021-09-17,136543.34
2021-09-20,134260.35
2021-09-21,134142.8
2021-09-22,135448.25
2021-09-23,137072.33
2021-09-24,137316.71
2021-09-27,136936.21
2021-09-28,134142.8
2021-09-29,134365.53
2021-09-30,132729.07
2021-10-01,134331.5
2021-10-04,132558.93
2021-10-05,133944.81
2021-10-06,134535.67
2021-10-07,135658.6
2021-10-08,135423.5
2021-10-11,134461.42
2021-10-12,134148.98
2021-10-13,134619.19
2021-10-14,136886.72
2021-10-15,137919.94
2021-10-18,138343.75
2021-10-19,139423.37
2021-10-20,139946.17
2021-10-21,140305.02
2021-10-22,140162.72
2021-10-25,140905.15
2021-10-26,141047.45
2021-10-27,140410.2
2021-10-28,141734.21
2021-10-29,142034.28
2021-11-01,142321.97
2021-11-02,142878.8
2021-11-03,143765.08
2021-11-04,144425.54
2021-11-05,144948.34
2021-11-08,145068.98
2021-11-09,144580.21
2021-11-10,143441.81
2021-11-11,143491.31
2021-11-12,144561.65
2021-11-15,144595.68
2021-11-16,145155.6
2021-11-17,144821.51
2021-11-18,145294.81
2021-11-19,145084.45
2021-11-22,144604.96
2021-11-23,144858.63
2021-11-24,145205.1
2021-11-26,141963.13
2021-11-29,143735.69
2021-11-30,141115.51
2021-12-01,139342.94
2021-12-02,141471.26
2021-12-03,140267.9
2021-12-06,141941.47
2021-12-07,144864.81
2021-12-08,145248.41
2021-12-09,144270.87
2021-12-10,145607.25
2021-12-13,144369.86
2021-12-14,143345.91
2021-12-15,145573.22
2021-12-16,144314.17
2021-12-17,142253.91
2021-12-20,140781.41
2021-12-21,143246.92
2021-12-22,144682.3
2021-12-23,145576.32
2021-12-27,147655.14
2021-12-28,147523.67
2021-12-29,147707.73
2021-12-30,147305.57
2021-12-31,146909.61
2022-01-03,147791.25
2022-01-04,147704.63
2022-01-05,144929.78
2022-01-06,144759.64
2022-01-07,144153.31
2022-01-10,144023.39
2022-01-11,145316.46
2022-01-12,145734.08
2022-01-13,143782.09
2022-01-14,143717.13
2022-01-18,141217.6
2022-01-19,139772.94
2022-01-20,138148.86
2022-01-21,135497.74
2022-01-24,136141.19
2022-01-25,134408.83
2022-01-26,133981.93
2022-01-27,133426.65
2022-01-28,136716.57
2022-01-31,139149.6
2022-02-01,140094.66
2022-02-02,141431.05
2022-02-03,138108.64
2022-02-04,138820.14
2022-02-07,138353.03
2022-02-08,139451.22
2022-02-09,141499.1
2022-02-10,139015.03
2022-02-11,136243.27
2022-02-14,135769.97
2022-02-15,137966.34
2022-02-16,138179.79
2022-02-17,135179.11
2022-02-18,134340.78
2022-02-22,132889.93
2022-02-23,130560.54
2022-02-24,132497.06
2022-02-25,135386.38
2022-02-28,135027.53
2022-03-01,132998.21
2022-03-02,135429.69
2022-03-03,134798.61
2022-03-04,133684.96
2022-03-07,129762.42
2022-03-08,128784.88
2022-03-09,132231.02
2022-03-10,131621.6
2022-03-11,129948.03
2022-03-14,128979.77
2022-03-15,131835.06
2022-03-16,134773.87
2022-03-17,136438.16
2022-03-18,137459.01
2022-03-21,137471.39
2022-03-22,139086.18
2022-03-23,137288.87
2022-03-24,139336.76
2022-03-25,140026.6
2022-03-28,141016.52
2022-03-29,142792.18
2022-03-30,141876.51
2022-03-31,139763.66
2022-04-01,140113.22
2022-04-04,141282.56
2022-04-05,139587.33
2022-04-06,138167.42
2022-04-07,138807.77
2022-04-08,138473.67
2022-04-11,136116.44
2022-04-12,135581.27
2022-04-13,137143.48
2022-04-14,135479.18
2022-04-18,135497.74
2022-04-19,137632.25
2022-04-20,137570.38
2022-04-21,135469.9
2022-04-22,131797.93
2022-04-25,132574.4
2022-04-26,128716.82
2022-04-27,129057.11
2022-04-28,132323.83
2022-04-29,127423.75
2022-05-02,128255.89
2022-05-03,128791.07
2022-05-04,132735.26
2022-05-05,128132.15
2022-05-06,127312.38
2022-05-09,123201.14
2022-05-10,123454.8
2022-05-11,121487.35
2022-05-12,121385.26
2022-05-13,124237.46
2022-05-16,123819.84
2022-05-17,126313.18
2022-05-18,121246.06
2022-05-19,120463.4
2022-05-20,120519.09
2022-05-23,122798.99
2022-05-24,121895.69
2022-05-25,122935.1
2022-05-26,125382.05
2022-05-27,128487.9
2022-05-31,127748.56
2022-06-01,126712.24
2022-06-02,129112.79
2022-06-03,126990.66
2022-06-06,127355.69
2022-06-07,128611.64
2022-06-08,127235.04
2022-06-09,124187.96
2022-06-10,120571.68
2022-06-13,116030.44
2022-06-14,115643.75
2022-06-15,117304.96
2022-06-16,113555.65
2022-06-17,113162.78
2022-06-21,116042.81
2022-06-22,115798.43
2022-06-23,117004.89
2022-06-24,120667.57
2022-06-27,120234.49
2022-06-28,117809.19
2022-06-29,117685.45
2022-06-30,116712.55
2022-07-01,117895.81
2022-07-05,118164.94
2022-07-06,118576.38
2022-07-07,120287.08
2022-07-08,120197.36
2022-07-11,118848.6
2022-07-12,117830.85
2022-07-13,117199.78
2022-07-14,116919.82
2022-07-15,119074.43
2022-07-18,118177.32
2022-07-19,121317.21
2022-07-20,122149.35
2022-07-21,123380.56
2022-07-22,122232.88
2022-07-25,122344.24
2022-07-26,120890.31
2022-07-27,124054.94
2022-07-28,125570.75
2022-07-29,127491.8
2022-08-01,127071.09
2022-08-02,126254.41
2022-08-03,128190.93
2022-08-04,128122.87
2022-08-05,127893.96
2022-08-08,127736.19
2022-08-09,127259.79
2022-08-10,129870.69
2022-08-11,129932.56
2022-08-12,132101.1
2022-08-15,132679.58
2022-08-16,132933.24
2022-08-17,131989.73
2022-08-18,132345.48
2022-08-19,130603.85
2022-08-22,127887.77
2022-08-23,127544.39
2022-08-24,127965.11
2022-08-25,129777.89
2022-08-26,125394.42
2022-08-29,124552.99
2022-08-30,123173.3
2022-08-31,122226.69
2022-09-01,122604.1
2022-09-02,121323.39
2022-09-06,120902.68
2022-09-07,123065.03
2022-09-08,123855.41
2022-09-09,125753.26
2022-09-12,127148.43
2022-09-13,121583.25
2022-09-14,122047.27
2022-09-15,120704.7
2022-09-16,119278.6
2022-09-19,120186.54
2022-09-20,118857.89
2022-09-21,116745.03
2022-09-22,115786.05
2022-09-23,113899.03
2022-09-26,112704.94
2022-09-27,112415.7
2022-09-28,114619.81
2022-09-29,112219.27
2022-09-30,110502.38
2022-10-03,113425.73
2022-10-04,116930.64
2022-10-05,116683.17
2022-10-06,115445.77
2022-10-07,112216.17
2022-10-10,111390.21
2022-10-11,110703.46
2022-10-12,110288.93
2022-10-13,113246.3
2022-10-14,110647.78
2022-10-17,113487.6
2022-10-18,114827.07
2022-10-19,114004.21
2022-10-20,113035.95
2022-10-21,115789.15
2022-10-24,117171.94
2022-10-25,119046.59
2022-10-26,118211.35
2022-10-27,117574.09
2022-10-28,120333.48
2022-10-31,119476.58
2022-11-01,118947.6
2022-11-02,116011.88
2022-11-03,114779.13
2022-11-04,116358.35
2022-11-07,117555.53
2022-11-08,118149.48
2022-11-09,115748.93
2022-11-10,122033.35
2022-11-11,123275.38
2022-11-14,122167.91
2022-11-15,123284.66
2022-11-16,122350.43
2022-11-17,121982.31
2022-11-18,122573.16
2022-11-21,122056.55
2022-11-22,123699.19
2022-11-23,124432.35
2022-11-25,124438.53
2022-11-28,122471.08
2022-11-29,122293.2
2022-11-30,126044.05
2022-12-01,126031.68
2022-12-02,125859.99
2022-12-05,123618.76
2022-12-06,121861.66
2022-12-07,121607.99
2022-12-08,122543.77
2022-12-09,121665.22
2022-12-12,123400.67
2022-12-13,124367.38
2022-12-14,123550.7
2022-12-15,120587.14
2022-12-16,118588.75
2022-12-19,117552.43
2022-12-20,117704.02
2022-12-21,119448.74
2022-12-22,117778.26
2022-12-23,118403.14
2022-12-27,117965.41
2022-12-28,116528.49
2022-12-29,118594.94
2022-12-30,118316.53
2023-01-03,117837.04
2023-01-04,118712.49
2023-01-05,117348.26
2023-01-06,120030.32
2023-01-09,119996.29
2023-01-10,120831.53
2023-01-11,122362.8
2023-01-12,122820.64
2023-01-13,123272.29
2023-01-17,123043.37
2023-01-18,121137.78
2023-01-19,120203.55
2023-01-20,122467.98
2023-01-23,123921.92
2023-01-24,123804.37
2023-01-25,123815.2
2023-01-26,125208.81
2023-01-27,125496.5
2023-01-30,123934.29
2023-01-31,125750.17
2023-02-01,127033.97
2023-02-02,128914.81
2023-02-03,127547.48
2023-02-06,126817.42
2023-02-07,128456.97
2023-02-08,127049.43
2023-02-09,125951.25
2023-02-10,126217.29
2023-02-13,127680.5
2023-02-14,127674.32
2023-02-15,128056.36
2023-02-16,126297.72
2023-02-17,125983.73
2023-02-21,123448.62
2023-02-22,123284.66
2023-02-23,123925.01
2023-02-24,122638.12
2023-02-27,123026.36
2023-02-28,122582.44
2023-03-01,122104.5
2023-03-02,123068.12
2023-03-03,125030.93
2023-03-06,125116.01
2023-03-07,123210.42
2023-03-08,123389.84
2023-03-09,121156.34
2023-03-10,119372.95
2023-03-13,119201.26
2023-03-14,121165.63
2023-03-15,120426.28
2023-03-16,122511.29
2023-03-17,120683.04
2023-03-20,121753.39
2023-03-21,123392.93
2023-03-22,121323.39
2023-03-23,121663.68
2023-03-24,122409.21
2023-03-27,122631.94
2023-03-28,122407.66
2023-03-29,124150.84
2023-03-30,124862.34
2023-03-31,126638.0
2023-04-03,127145.33
2023-04-04,126430.74
2023-04-05,126099.73
2023-04-06,126591.6
2023-04-10,126733.9
2023-04-11,126738.54
2023-04-12,126226.57
2023-04-13,127884.67
2023-04-14,127604.71
2023-04-17,128051.72
2023-04-18,128136.79
2023-04-19,128150.71
2023-04-20,127400.54
2023-04-21,127501.08
2023-04-24,127646.48
2023-04-25,125632.62
2023-04-26,125091.26
2023-04-27,127569.14
2023-04-28,128658.05
2023-05-01,128552.87
2023-05-02,127088.1
2023-05-03,126201.82
2023-05-04,125275.32
2023-05-05,127661.94
2023-05-08,127699.07
2023-05-09,127123.68
2023-05-10,127661.94
2023-05-11,127476.33
2023-05-12,127330.94
2023-05-15,127767.12
2023-05-16,126919.51
2023-05-17,128422.94
2023-05-18,129683.54
2023-05-19,129487.1
2023-05-22,129545.88
2023-05-23,128112.05
2023-05-24,127137.6
2023-05-25,128262.08
2023-05-26,129914.0
2023-05-30,129968.14
2023-05-31,129264.37
2023-06-01,130480.11
2023-06-02,132319.19
2023-06-05,132122.75
2023-06-06,132410.44
2023-06-07,131958.79
2023-06-08,132763.1
2023-06-09,133016.77
2023-06-12,134201.57
2023-06-13,135083.21
2023-06-14,135228.61
2023-06-15,136914.56
2023-06-16,135890.61
2023-06-20,135259.54
2023-06-21,134520.2
2023-06-22,135052.28
2023-06-23,133997.4
2023-06-26,133452.95
2023-06-27,134919.26
2023-06-28,134981.13
2023-06-29,135537.96
2023-06-30,137109.45
2023-07-03,137316.71
2023-07-05,137084.7
2023-07-06,136017.45
2023-07-07,135655.51
2023-07-10,136005.07
2023-07-11,136886.72
2023-07-12,137969.44
2023-07-13,139086.18
2023-07-14,138999.57
2023-07-17,139472.87
2023-07-18,140512.28
2023-07-19,140769.04
2023-07-20,139905.96
2023-07-21,139887.4
2023-07-24,140503.0
2023-07-25,140864.94
2023-07-26,140909.79
2023-07-27,139980.2
2023-07-28,141344.43
2023-07-31,141622.84
2023-08-01,141199.03
2023-08-02,139256.33
2023-08-03,138860.36
2023-08-04,138213.82
2023-08-07,139417.19
2023-08-08,138854.17
2023-08-09,137889.01
2023-08-10,137932.31
2023-08-11,137771.45
2023-08-14,138619.07
2023-08-15,137019.74
2023-08-16,135995.79
2023-08-17,134956.38
2023-08-18,134996.6
2023-08-21,135902.99
2023-08-22,135528.68
2023-08-23,137035.2
2023-08-24,135160.55
2023-08-25,136107.16
2023-08-28,136973.33
2023-08-29,138956.26
2023-08-30,139503.8
2023-08-31,139268.7
2023-09-01,139571.86
2023-09-05,138977.91
2023-09-06,138043.68
2023-09-07,137622.97
2023-09-08,137839.51
2023-09-11,138755.18
2023-09-12,137972.53
2023-09-13,138111.74
2023-09-14,139330.57
2023-09-15,137135.74
2023-09-18,137236.28
2023-09-19,136923.84
2023-09-20,135655.51
2023-09-21,133422.01
2023-09-22,133106.48
2023-09-25,133709.71
2023-09-26,131732.97
2023-09-27,131759.26
2023-09-28,132558.93
2023-09-29,132184.62
2023-10-02,132203.18
2023-10-03,130446.08
2023-10-04,131381.86
2023-10-05,131259.67
2023-10-06,132846.63
2023-10-09,133712.8
2023-10-10,134402.65
2023-10-11,134978.04
2023-10-12,134158.26
2023-10-13,133522.55
2023-10-16,134888.33
2023-10-17,134909.98
2023-10-18,133094.1
2023-10-19,131915.49
2023-10-20,130313.06
2023-10-23,130087.24
2023-10-24,131027.66
2023-10-25,129190.13
2023-10-26,127637.2
2023-10-27,127067.99
2023-10-30,128577.62
2023-10-31,129363.36
2023-11-01,130749.24
2023-11-02,133233.31
2023-11-03,134479.99
2023-11-06,134780.05
2023-11-07,135151.27
2023-11-08,135318.32
2023-11-09,134220.13
2023-11-10,136336.08
2023-11-13,136165.93
2023-11-14,138792.3
2023-11-15,139110.93
2023-11-16,139284.17
2023-11-17,139435.75
2023-11-20,140524.66
2023-11-21,140221.49
2023-11-22,140753.57
2023-11-24,140834.0
2023-11-27,140603.54
2023-11-28,140713.36
2023-11-29,140648.39
2023-11-30,141149.54
2023-12-01,141987.87
2023-12-04,141245.44
2023-12-05,141242.34
2023-12-06,140673.14
2023-12-07,141746.58
2023-12-08,142346.72
2023-12-11,142906.64
2023-12-12,143599.58
2023-12-13,145560.85
2023-12-14,146021.78
2023-12-15,145192.72
2023-12-18,146015.59
2023-12-19,146872.49
2023-12-20,144793.66
2023-12-21,146222.85
2023-12-22,146529.11
2023-12-26,147135.43
2023-12-27,147423.13
2023-12-28,147469.53
2023-12-29,147051.91
2024-01-02,146216.67
2024-01-03,145010.21
2024-01-04,144570.93
2024-01-05,144731.79
2024-01-08,146795.15
2024-01-09,146584.79
2024-01-10,147410.75
2024-01-11,147364.35
2024-01-12,147450.97
2024-01-16,146894.14
2024-01-17,146099.12
2024-01-18,147404.57
2024-01-19,149254.47
2024-01-22,149554.54
2024-01-23,149978.35
2024-01-24,150163.95
2024-01-25,150968.26
2024-01-26,150798.12
2024-01-29,151967.46
2024-01-30,151859.18
2024-01-31,149401.41
2024-02-01,151339.48
2024-02-02,152907.88
2024-02-05,152371.16
2024-02-06,152815.07
2024-02-07,154064.84
2024-02-08,154200.95
2024-02-09,155011.45
2024-02-12,154980.51
2024-02-13,152867.66
2024-02-14,154247.36
2024-02-15,155283.67
2024-02-16,154541.24
2024-02-20,153667.33
2024-02-21,153820.45
2024-02-22,156988.18
2024-02-23,157093.36
2024-02-26,156487.04
2024-02-27,156824.23
2024-02-28,156570.56
2024-02-29,157195.45
2024-03-01,158674.13
2024-03-04,158491.62
2024-03-05,156876.82
2024-03-06,157684.22
2024-03-07,159351.61
2024-03-08,158299.82
2024-03-11,158157.52
2024-03-12,159862.03
2024-03-13,159614.55
2024-03-14,159271.17
2024-03-15,157715.15
2024-03-18,158664.85
2024-03-19,159558.87
2024-03-20,161022.09
2024-03-21,161504.67
2024-03-22,161294.31
2024-03-25,160824.1
2024-03-26,160465.26
2024-03-27,161814.02
2024-03-28,161831.03
2024-04-01,161544.89
2024-04-02,160520.94
2024-04-03,160718.93
2024-04-04,158732.91
2024-04-05,160409.58
2024-04-08,160443.61
2024-04-09,160657.06
2024-04-10,159065.46
2024-04-11,160258.0
2024-04-12,158039.97
2024-04-15,156072.51
2024-04-16,155729.13
2024-04-17,154835.12
2024-04-18,154494.83
2024-04-19,153184.74
2024-04-22,154531.96
2024-04-23,156375.67
2024-04-24,156425.17
2024-04-25,155766.26
2024-04-26,157209.37
2024-04-29,157789.4
2024-04-30,155373.38
2024-05-01,154708.28
2024-05-02,156230.28
2024-05-03,158154.43
2024-05-06,159790.88
2024-05-07,160012.06
2024-05-08,159995.05
2024-05-09,160910.72
2024-05-10,161111.8
2024-05-13,161147.37
2024-05-14,161874.34
2024-05-15,163892.84
2024-05-16,163592.77
2024-05-17,163803.13
2024-05-20,163970.18
2024-05-21,164369.24
2024-05-22,163892.84
2024-05-23,162704.94
2024-05-24,163787.66
2024-05-28,163917.59
2024-05-29,162754.44
2024-05-30,161681.0
2024-05-31,163130.3
2024-06-03,163264.86
2024-06-04,163444.29
2024-06-05,165393.18
2024-06-06,165386.99
2024-06-07,165195.2
2024-06-10,165719.54
2024-06-11,166123.24
2024-06-12,167444.16
2024-06-13,167775.17
2024-06-14,167911.28
2024-06-17,169229.1
2024-06-18,169671.47
2024-06-20,169222.92
2024-06-21,168313.43
2024-06-24,167886.53
2024-06-25,168525.34
2024-06-26,168775.91
2024-06-27,169018.75
2024-06-28,168319.62
2024-07-01,168656.81
2024-07-02,169823.05
2024-07-03,170525.27
2024-07-05,171603.35
2024-07-08,171764.21
2024-07-09,171957.56
2024-07-10,173618.76
2024-07-11,172127.7
2024-07-12,173207.33
2024-07-15,173705.38
2024-07-16,174729.32
2024-07-17,172327.23
2024-07-18,171007.86
2024-07-19,169813.77
2024-07-22,171580.15
2024-07-23,171283.18
2024-07-24,167422.51
2024-07-25,166550.15
2024-07-26,168392.32
2024-07-29,168567.1
2024-07-30,167657.61
2024-07-31,170256.14
2024-08-01,168031.92
2024-08-02,164858.01
2024-08-05,160056.92
2024-08-06,161501.58
2024-08-07,160438.97
2024-08-08,164143.41
2024-08-09,164858.01
2024-08-12,164972.47
2024-08-13,167663.8
2024-08-14,168217.53
2024-08-15,171060.45
2024-08-16,171447.13
2024-08-19,173077.4
2024-08-20,172817.55
2024-08-21,173433.15
2024-08-22,172078.2
2024-08-23,173881.71
2024-08-26,173476.46
2024-08-27,173719.3
2024-08-28,172724.74
2024-08-29,172712.37
2024-08-30,174339.54
2024-09-03,170809.87
2024-09-04,170398.44
2024-09-05,169968.45
2024-09-06,167190.5
2024-09-09,169040.4
2024-09-10,169758.09
2024-09-11,171450.23
2024-09-12,172944.38
2024-09-13,173819.84
2024-09-16,174123.0
2024-09-17,174209.61
2024-09-18,173665.16
2024-09-19,176634.91
2024-09-20,175719.24
2024-09-23,176204.91
2024-09-24,176712.24
2024-09-25,176324.01
2024-09-26,176999.94
2024-09-27,176761.74
2024-09-30,177579.97
2024-10-01,175898.66
2024-10-02,175966.71
2024-10-03,175635.71
2024-10-04,177236.59
2024-10-07,175648.09
2024-10-08,177315.47
2024-10-09,178515.75
2024-10-10,178246.61
2024-10-11,179298.4
2024-10-14,180755.43
2024-10-15,179397.39
2024-10-16,180124.36
2024-10-17,180139.83
2024-10-18,180845.14
2024-10-21,180572.91
2024-10-22,180452.27
2024-10-23,178815.81
2024-10-24,179183.94
2024-10-25,179115.88
2024-10-28,179660.34
2024-10-29,179948.03
2024-10-30,179412.86
2024-10-31,175852.26
2024-11-01,176647.28
2024-11-04,176260.6
2024-11-05,178398.19
2024-11-06,182828.06
2024-11-07,184294.38
2024-11-08,185067.75
2024-11-11,185240.98
2024-11-12,184654.77
2024-11-13,184749.12
2024-11-14,183573.59
2024-11-15,181197.8
2024-11-18,181961.89
2024-11-19,182574.4
2024-11-20,182667.2
2024-11-21,183649.38
2024-11-22,184217.04
2024-11-25,184832.64
2024-11-26,185833.38
2024-11-27,185200.77
2024-11-29,186379.39
2024-12-02,186744.42
2024-12-03,186806.29
2024-12-04,187966.34
2024-12-05,187678.65
2024-12-06,188049.87
2024-12-09,187047.58
2024-12-10,186506.22
2024-12-11,187950.88
2024-12-12,186967.15
2024-12-13,186926.93
2024-12-16,187725.05
2024-12-17,186920.74
2024-12-18,181400.42
2024-12-19,181315.35
2024-12-20,182803.32
2024-12-23,182224.83
2024-12-24,185961.76
2024-12-26,185969.5
2024-12-27,184059.27
2024-12-30,181974.26
2024-12-31,181299.88
2025-01-02,180851.33
2025-01-03,183115.76
2025-01-06,184192.29
2025-01-07,182122.75
2025-01-08,182311.45
2025-01-10,179573.72
2025-01-13,179858.32
2025-01-14,180102.7
2025-01-15,183366.33
2025-01-16,183041.51
2025-01-17,184879.04
2025-01-21,186512.4
2025-01-22,187567.28
2025-01-23,188588.13
2025-01-24,188059.15
2025-01-27,185451.34
2025-01-28,187001.18
2025-01-29,186172.12
2025-01-30,187087.79
2025-01-31,186161.29
2025-02-03,184897.61
2025-02-04,186147.37
2025-02-05,186889.81
2025-02-06,187539.44
2025-02-07,185864.32
2025-02-10,187106.35
2025-02-11,187227.0
2025-02-12,186623.77
2025-02-13,188606.69
2025-02-14,188569.57
2025-02-18,189123.31
2025-02-19,189612.08
2025-02-20,188829.43
2025-02-21,185615.29
2025-02-24,184749.12
2025-02-25,183848.91
2025-02-26,183904.6
2025-02-27,180978.16
2025-02-28,183720.53
2025-03-03,180640.97
2025-03-04,178456.97
2025-03-05,180356.37
2025-03-06,177173.17
2025-03-07,178110.5
2025-03-10,173485.74
2025-03-11,172022.52
2025-03-12,172901.07
2025-03-13,170636.64
2025-03-14,174095.16
2025-03-17,175406.79
2025-03-18,173519.77
2025-03-19,175400.61
2025-03-20,174995.36
2025-03-21,174525.15
2025-03-24,177572.23
2025-03-25,178000.68
2025-03-26,175941.97
2025-03-27,175409.89
2025-03-28,171904.97
2025-03-31,173006.25
2025-04-01,173575.45
2025-04-02,174667.45
2025-04-03,166212.96
2025-04-04,156508.69
2025-04-07,156050.86
2025-04-08,153622.47
2025-04-09,167962.32
2025-04-10,162293.51
2025-04-11,165192.11
2025-04-14,166732.66
2025-04-15,166318.13
2025-04-16,162633.79
2025-04-17,162822.5
2025-04-21,158992.76
2025-04-22,163011.2
2025-04-23,165591.17
2025-04-24,169040.4
2025-04-25,170311.82
2025-04-28,170472.68
2025-04-29,171406.92
2025-04-30,171385.26
2025-05-01,172740.21
2025-05-02,175264.49
2025-05-05,174339.54
2025-05-06,172842.29
2025-05-07,173603.29
2025-05-08,174772.63
2025-05-09,174515.87
2025-05-12,180328.53
2025-05-13,181513.33
2025-05-14,181726.78
2025-05-15,182642.45
2025-05-16,183839.63
2025-05-19,184025.24
2025-05-20,183406.55
2025-05-21,180337.81
2025-05-22,180368.74
2025-05-23,179174.66
2025-05-27,182843.53
2025-05-28,181835.06
2025-05-29,182500.15
2025-05-30,182299.08
2025-06-02,183378.7
2025-06-03,184408.83
2025-06-04,184365.53
2025-06-05,183468.42
2025-06-06,185292.02
2025-06-09,185432.78
2025-06-10,186568.09
2025-06-11,186100.97
2025-06-12,186759.88
2025-06-13,184613.01
2025-06-16,186445.89
2025-06-17,184866.67
2025-06-18,184841.92
2025-06-20,183808.7
2025-06-23,185633.86
2025-06-24,187697.21
2025-06-25,187836.42
2025-06-26,189293.45
2025-06-27,190196.75
2025-06-30,191124.79
2025-07-01,191066.01
2025-07-02,191927.55
2025-07-03,193469.65
2025-07-07,192102.33
2025-07-08,191884.24
2025-07-09,193044.3
2025-07-10,193638.25
2025-07-11,192922.11
2025-07-14,193253.11
2025-07-15,192473.55
2025-07-16,193104.62
2025-07-17,194264.68
2025-07-18,194144.03
2025-07-21,194496.69
2025-07-22,194512.16
2025-07-23,196176.45
2025-07-24,196278.54
2025-07-25,197061.19
2025-07-28,197039.53
2025-07-29,196516.74
2025-07-30,196300.19
2025-07-31,195477.32
2025-08-01,192334.34
2025-08-04,195220.57
2025-08-05,194278.6
2025-08-06,195724.8
2025-08-07,195619.63
2025-08-08,197135.43
2025-08-11,196702.34
2025-08-12,198796.63
2025-08-13,199505.04
2025-08-14,199498.86
2025-08-15,199071.95
2025-08-18,198976.06
2025-08-19,197905.71
2025-08-20,197339.6
2025-08-21,196631.19
2025-08-22,199625.69
2025-08-25,198771.89
2025-08-26,199579.29
2025-08-27,200027.84
2025-08-28,200748.62
2025-08-29,199539.07
2025-09-02,198106.79
2025-09-03,199098.25
2025-09-04,200773.37
2025-09-05,200216.54
2025-09-08,200699.13
2025-09-09,201156.96
2025-09-10,201781.85
2025-09-11,203412.11
2025-09-12,203407.47
2025-09-15,204432.96
2025-09-16,204148.36
2025-09-17,203972.03
2025-09-18,204869.15
2025-09-19,205265.11
2025-09-22,206264.31
2025-09-23,205178.49
2025-09-24,204501.02
2025-09-25,203486.36
2025-09-26,204719.11
2025-09-29,205299.14
2025-09-30,206044.67
2025-10-01,206810.31
2025-10-02,207000.56
2025-10-03,207019.12
2025-10-06,207753.82
2025-10-07,206997.46
2025-10-08,208210.11
2025-10-09,207631.63
2025-10-10,202089.65
2025-10-13,205118.17
2025-10-14,204867.6
2025-10-15,205741.51
2025-10-16,204414.4
2025-10-17,205500.22
2025-10-20,207656.38
2025-10-21,207653.28
2025-10-22,206589.12
2025-10-23,207735.26
2025-10-24,209459.88
2025-10-27,211970.24
2025-10-28,212513.15
2025-10-29,212619.87
2025-10-30,210387.92
2025-10-31,210984.97
2025-11-03,211399.49
2025-11-04,208906.14
2025-11-05,209580.52
2025-11-06,207337.75
2025-11-07,207548.1
2025-11-10,210762.23
2025-11-11,211254.1
2025-11-12,211384.03
2025-11-13,207903.85
2025-11-14,207862.09
2025-11-17,205939.49
2025-11-18,204219.51
2025-11-19,204999.07
2025-11-20,201825.16
2025-11-21,203907.07
2025-11-24,206898.47
2025-11-25,208810.25
2025-11-26,210245.62
2025-11-28,211396.4
2025-12-01,210435.87
2025-12-02,210802.45
2025-12-03,211535.61
2025-12-04,211747.51
2025-12-05,212095.53
2025-12-08,211495.39
2025-12-09,211294.31
2025-12-10,212704.94
2025-12-11,213187.53
2025-12-12,210913.82
2025-12-15,210578.17
2025-12-16,210004.33
2025-12-17,207705.87
2025-12-18,209278.91
2025-12-19,210517.85
2025-12-22,211814.02
2025-12-23,212803.93
2025-12-24,213534.0
2025-12-26,213530.9
2025-12-29,212824.04
2025-12-30,212500.77
2025-12-31,210920.0
2026-01-02,211387.12
2026-01-05,212748.25
2026-01-06,214010.39
2026-01-07,213339.11
2026-01-08,213277.24
2026-01-09,214689.41
2026-01-12,215054.45
2026-01-13,214598.16
2026-01-14,213642.27
2026-01-15,214124.85
2026-01-16,213939.24
2026-01-20,209633.11
2026-01-21,212008.91
2026-01-22,213128.75
2026-01-23,213202.99
2026-01-26,214302.73
2026-01-27,215161.17
2026-01-28,215117.86
2026-01-29,214677.04
2026-01-30,214007.3
2026-02-02,215117.86
2026-02-03,213275.69
2026-02-04,212244.01
2026-02-05,209565.06
2026-02-06,213673.2
2026-02-09,214687.87
2026-02-10,214103.2
2026-02-11,214010.39
2026-02-12,210725.11
2026-02-13,210855.04
2026-02-17,211210.79
2026-02-18,212271.86
2026-02-19,211750.6
2026-02-20,213277.24
2026-02-23,211096.33
2026-02-24,212636.89
2026-02-25,214409.45
2026-02-26,213240.12
2026-02-27,212262.58
2026-03-02,212321.35
2026-03-03,210446.7
2026-03-04,211943.95
2026-03-05,210791.62
2026-03-06,208018.31
2026-03-09,209831.1
2026-03-10,209469.16
2026-03-11,209224.77
2026-03-12,206041.58
2026-03-13,204881.52
2026-03-16,206944.87
2026-03-17,207495.51
2026-03-18,204646.41
2026-03-19,204129.8
2026-03-20,200606.32
2026-03-23,202737.73
2026-03-24,202066.45
2026-03-25,203161.54
2026-03-26,199563.82
2026-03-27,196139.33
2026-03-30,195514.45
2026-03-31,201113.65
2026-04-01,202678.96
2026-04-02,202858.38
2026-04-06,203825.09
2026-04-07,203931.82
2026-04-08,209119.59
2026-04-09,210316.77
2026-04-10,210155.91
2026-04-13,212213.08
2026-04-14,214799.23
2026-04-15,216466.62
2026-04-16,217017.26
2026-04-17,219656.0
2026-04-20,219263.13
2026-04-21,217753.51
2026-04-22,220008.66
2026-04-23,219145.58
2026-04-24,220865.56
2026-04-27,221235.23
2026-04-28,220157.15
2026-04-29,220129.31
2026-04-30,222239.06
2026-05-01,222882.51
2026-05-04,222140.07
2026-05-05,223878.61
2026-05-06,226990.66
2026-05-07,226297.72
2026-05-08,228156.9
2026-05-11,228670.42
2026-05-12,228357.98
2026-05-13,229629.4
2026-05-14,231423.62
2026-05-15,228639.49
2026-05-18,228422.94
2026-05-19,226999.94
2026-05-20,229323.15
2026-05-21,229756.23
2026-05-22,230671.9
2026-05-26,232153.68
2026-05-27,232193.9
2026-05-28,233459.14
2026-05-29,233972.65
2026-06-01,234622.29
2026-06-02,234940.91
2026-06-03,233304.46
2026-06-04,234167.54
2026-06-05,228129.06
2026-06-08,228681.25
2026-06-09,228011.51
2026-06-10,224457.09
2026-06-11,228197.12
2026-06-12,229434.51
2026-06-15,233480.79
2026-06-16,232190.81
2026-06-17,229233.43
2026-06-18,231006.0
2026-06-22,230238.82
2026-06-23,226944.26
2026-06-24,226851.45
2026-06-25,226854.54
2026-06-26,225623.34
2026-06-29,229183.94
2026-06-30,230975.07
2026-07-01,230670.36
2026-07-02,230421.33
2026-07-06,232404.26
2026-07-07,231321.54
2026-07-08,230551.26
2026-07-09,232490.87
2026-07-10,233539.57
2026-07-13,231742.25
2026-07-14,232611.52
2026-07-15,233486.98
2026-07-16,232280.52
2026-07-17,229932.56
2026-07-20,229583.0
2026-07-21,231440.64
2026-07-22,231234.92
2026-07-23,228317.76
2026-07-24,228577.62
2026-07-27,228562.15
2026-07-28,229163.83
2026-07-29,225691.39
2026-07-30,229422.14
2026-07-31,231018.38
2026-08-03,234399.55
2026-08-04,238541.73
2026-08-05,238133.39
2026-08-06,237777.64
2026-08-07,239175.9
2026-08-10,239132.59
2026-08-11,238359.22
2026-08-12,238984.1
2026-08-13,240623.65
2026-08-14,240147.25
2026-08-17,239008.85
2026-08-18,237383.22
2026-08-19,237916.85
2026-08-20,235915.36
2026-08-21,236849.59
2026-08-24,236175.21
2026-08-25,236896.0
2026-08-26,236942.4
2026-08-27,238074.61
